<?xml version="1.0" encoding="utf-8"?>
<ApplicationInstallerManifest>
   <DefaultInstallationDirectory>/Applications/KAUST/Y_PreRunAndSRF_MCQsim_TREAD/</DefaultInstallationDirectory>
   <ApplicationName>Y_PreRunAndSRF_MCQsim_TREAD</ApplicationName>
   <ExecutableName>application/Y_PreRunAndSRF_MCQsim_TREAD.exe</ExecutableName>
   <GUID>80775464-b815-4b82-b2be-fcf917ea9d85</GUID>
   <ApplicationIcon>icon_48.png</ApplicationIcon>
   <Logo>default_logo.png</Logo>
   <Version>1.0</Version>
   <InstallationNotes>In the following directions, replace MR/v912 by the directory on the target machine where MATLAB is installed, or MR by the directory where the MATLAB Runtime is installed.

If the environment variable DYLD_LIBRARY_PATH is undefined, set it to the following string:

MR/v912/runtime/maci64:MR/v912/sys/os/maci64:MR/v912/bin/maci64

If it is defined, set it to the following:

${DYLD_LIBRARY_PATH}:MR/v912/runtime/maci64:MR/v912/sys/os/maci64:MR/v912/bin/maci64
</InstallationNotes>
   <AuthorOrganization>KAUST</AuthorOrganization>
   <Summary>MCQsim GUI to displace pre-simulation data along the fault. This includes fault roughness, strength, cosets. stress drop, and others.</Summary>
   <WelcomePanelText>Y_PreRunAndSRF_MCQsim_TREAD 1.0
MCQsim GUI to displace pre-simulation data along the fault. This includes fault roughness, strength, cosets. stress drop, and others.

The GUI also allows to load and display the quasi-dynamic rupture evolution of individual simulated earthquakes, as provided my MCQsim in a binary version of a *.srf file (standard rupture format).

Olaf Zielke
olaf.zielke@kaust.edu.sa</WelcomePanelText>
   <MCRProducts>
      <MCRProduct>
         <ExternalProductIdentifier>35000</ExternalProductIdentifier>
      </MCRProduct>
      <MCRProduct>
         <ExternalProductIdentifier>35003</ExternalProductIdentifier>
      </MCRProduct>
      <MCRProduct>
         <ExternalProductIdentifier>35010</ExternalProductIdentifier>
      </MCRProduct>
   </MCRProducts>
</ApplicationInstallerManifest>