<?xml version="1.0" encoding="utf-8"?>
<ApplicationInstallerManifest>
   <DefaultInstallationDirectory>/Applications/KAUST/A_Geometry_MCQsim_TREAD/</DefaultInstallationDirectory>
   <ApplicationName>A_Geometry_MCQsim_TREAD</ApplicationName>
   <ExecutableName>application/A_Geometry_MCQsim_TREAD.exe</ExecutableName>
   <GUID>3afde52b-7183-4356-9609-9f3db1f4d81e</GUID>
   <ApplicationIcon>icon_48.png</ApplicationIcon>
   <Logo>default_logo.png</Logo>
   <Version>1.0</Version>
   <InstallationNotes>In the following directions, replace MR/v912 by the directory on the target machine where MATLAB is installed, or MR by the directory where the MATLAB Runtime is installed.

If the environment variable DYLD_LIBRARY_PATH is undefined, set it to the following string:

MR/v912/runtime/maci64:MR/v912/sys/os/maci64:MR/v912/bin/maci64

If it is defined, set it to the following:

${DYLD_LIBRARY_PATH}:MR/v912/runtime/maci64:MR/v912/sys/os/maci64:MR/v912/bin/maci64
</InstallationNotes>
   <AuthorOrganization>KAUST</AuthorOrganization>
   <Summary>MCQsim GUI to generate fault geometries.</Summary>
   <WelcomePanelText>A_Geometry_MCQsim_TREAD 1.0
MCQsim GUI to generate fault geometries.

Other versions of GUI "A" permit using exising fault meshes (provided in STL format) or digitizing fault geometry from base map.

Olaf Zielke
olaf.zielke@kaust.edu.sa</WelcomePanelText>
   <MCRProducts>
      <MCRProduct>
         <ExternalProductIdentifier>35000</ExternalProductIdentifier>
      </MCRProduct>
      <MCRProduct>
         <ExternalProductIdentifier>35003</ExternalProductIdentifier>
      </MCRProduct>
      <MCRProduct>
         <ExternalProductIdentifier>35010</ExternalProductIdentifier>
      </MCRProduct>
   </MCRProducts>
</ApplicationInstallerManifest>