<?xml version="1.0" encoding="utf-8"?>
<componentData>
   <component>
      <componentBaseName>Y_PreRunAndSRF_MCQsim_TREAD</componentBaseName>
      <componentFileName>test.enc</componentFileName>
      <componentName>Y_PreRunAndSRF_MCQsim_TREAD</componentName>
      <componentVersion>1.0</componentVersion>
      <locale/>
      <numFiles>0</numFiles>
      <locationId>0</locationId>
      <platformList>
         <platform>glnxa64</platform>
         <platform>maci64</platform>
         <platform>win32</platform>
         <platform>win64</platform>
      </platformList>
      <releaseFamily>R2022a</releaseFamily>
      <size>0</size>
      <type/>
      <uncompressedBytes>0</uncompressedBytes>
   </component>
</componentData>