<?xml version="1.0" encoding="utf-8"?>
<ApplicationInstallerManifest>
   <DefaultInstallationDirectory>/Applications/KAUST/B_RoughStrength_MCQsim_TREAD/</DefaultInstallationDirectory>
   <ApplicationName>B_RoughStrength_MCQsim_TREAD</ApplicationName>
   <ExecutableName>application/B_RoughStrength_MCQsim_TREAD.exe</ExecutableName>
   <GUID>bd74e2fb-f96a-4946-b2b5-ed44a500897d</GUID>
   <ApplicationIcon>icon_48.png</ApplicationIcon>
   <Logo>default_logo.png</Logo>
   <Version>1.0</Version>
   <InstallationNotes>In the following directions, replace MR/v912 by the directory on the target machine where MATLAB is installed, or MR by the directory where the MATLAB Runtime is installed.

If the environment variable DYLD_LIBRARY_PATH is undefined, set it to the following string:

MR/v912/runtime/maci64:MR/v912/sys/os/maci64:MR/v912/bin/maci64

If it is defined, set it to the following:

${DYLD_LIBRARY_PATH}:MR/v912/runtime/maci64:MR/v912/sys/os/maci64:MR/v912/bin/maci64
</InstallationNotes>
   <AuthorOrganization>KAUST</AuthorOrganization>
   <Summary>MCQsim GUI to generate fault roughness, fault strength, and friction parameters.</Summary>
   <WelcomePanelText>B_RoughStrength_MCQsim_TREAD 1.0
MCQsim GUI to generate fault roughness, fault strength, and friction parameters.

The GUI is also used to select half-space (or full-space) elastic parameters.

Olaf Zielke
olaf.zielke@kaust.edu.sa</WelcomePanelText>
   <MCRProducts>
      <MCRProduct>
         <ExternalProductIdentifier>35000</ExternalProductIdentifier>
      </MCRProduct>
      <MCRProduct>
         <ExternalProductIdentifier>35003</ExternalProductIdentifier>
      </MCRProduct>
      <MCRProduct>
         <ExternalProductIdentifier>35010</ExternalProductIdentifier>
      </MCRProduct>
      <MCRProduct>
         <ExternalProductIdentifier>35119</ExternalProductIdentifier>
      </MCRProduct>
   </MCRProducts>
</ApplicationInstallerManifest>