<?xml version="1.0" encoding="utf-8"?>
<ApplicationInstallerManifest>
   <DefaultInstallationDirectory>/Applications/KAUST/Z_Catalog_MCQsim_TREAD/</DefaultInstallationDirectory>
   <ApplicationName>Z_Catalog_MCQsim_TREAD</ApplicationName>
   <ExecutableName>application/Z_Catalog_MCQsim_TREAD.exe</ExecutableName>
   <GUID>206ac242-f062-4cee-adb9-716a3d074493</GUID>
   <ApplicationIcon>icon_48.png</ApplicationIcon>
   <Logo>default_logo.png</Logo>
   <Version>1.0</Version>
   <InstallationNotes>In the following directions, replace MR/v912 by the directory on the target machine where MATLAB is installed, or MR by the directory where the MATLAB Runtime is installed.

If the environment variable DYLD_LIBRARY_PATH is undefined, set it to the following string:

MR/v912/runtime/maci64:MR/v912/sys/os/maci64:MR/v912/bin/maci64

If it is defined, set it to the following:

${DYLD_LIBRARY_PATH}:MR/v912/runtime/maci64:MR/v912/sys/os/maci64:MR/v912/bin/maci64
</InstallationNotes>
   <AuthorOrganization>KAUST</AuthorOrganization>
   <Summary>MCQsim GUI to load and visualize earthquake catalog and common scaling relationships.</Summary>
   <WelcomePanelText>Z_Catalog_MCQsim_TREAD 1.0
MCQsim GUI to load and visualize earthquake catalog and common scaling relationships.

The GUI also allows export the catalog to *.mat or *.txt file.

Olaf Zielke
olaf.zielke@kaust.edu.sa</WelcomePanelText>
   <MCRProducts>
      <MCRProduct>
         <ExternalProductIdentifier>35000</ExternalProductIdentifier>
      </MCRProduct>
      <MCRProduct>
         <ExternalProductIdentifier>35003</ExternalProductIdentifier>
      </MCRProduct>
      <MCRProduct>
         <ExternalProductIdentifier>35010</ExternalProductIdentifier>
      </MCRProduct>
   </MCRProducts>
</ApplicationInstallerManifest>